support,itemsets
0.15792287642852368,frozenset({'whole milk'})
0.0517275947336764,frozenset({'pastry'})
0.018779656485998796,frozenset({'salty snack'})
0.08587850030074183,frozenset({'yogurt'})
0.06034886052262247,frozenset({'sausage'})
0.009490075519615051,frozenset({'semi-finished bread'})
0.09710619528169484,frozenset({'soda'})
0.008955423377664907,frozenset({'pickled vegetables'})
0.04691572545612511,frozenset({'canned beer'})
0.01577223818752924,frozenset({'misc. beverages'})
0.013700461137472432,frozenset({'hygiene articles'})
0.11000467820624206,frozenset({'rolls/buns'})
0.043707812604424245,frozenset({'whipped/sour cream'})
0.037759807525228894,frozenset({'frankfurter'})
0.03395041101383412,frozenset({'beef'})
0.023992514870012697,frozenset({'white bread'})
0.03368308494285905,frozenset({'curd'})
0.12210118291786407,frozenset({'other vegetables'})
0.028002405934638777,frozenset({'frozen vegetables'})
0.03522020985096572,frozenset({'butter'})
0.0677671589921807,frozenset({'tropical fruit'})
0.01771035220209851,frozenset({'sugar'})
0.017576689166610975,frozenset({'butter milk'})
0.015972732740760543,frozenset({'specialty chocolate'})
0.016774710953685757,frozenset({'frozen meals'})
0.002205440085544343,frozenset({'dental care'})
0.06957160997126245,frozenset({'root vegetables'})
0.008621265788946068,frozenset({'detergent'})
0.049054334023925686,frozenset({'pip fruit'})
0.004945532313038829,frozenset({'cling film/bags'})
0.004878700795295061,frozenset({'dish cleaner'})
0.02359152576355009,frozenset({'chocolate'})
0.01049254828577157,frozenset({'red/blush wine'})
0.006816814809864332,frozenset({'frozen fish'})
0.04758404063356279,frozenset({'shopping bags'})
0.00848760275345853,frozenset({'packaged fruit/vegetables'})
0.03221279155249616,frozenset({'margarine'})
0.0032747443694446303,frozenset({'rice'})
0.06068301811134131,frozenset({'bottled water'})
0.0027400922274944863,frozenset({'softener'})
0.0013366303548753592,frozenset({'skin care'})
0.04531176903027468,frozenset({'bottled beer'})
0.027868742899151238,frozenset({'chicken'})
0.009757401590590123,frozenset({'flour'})
0.037091492347791216,frozenset({'domestic eggs'})
0.011695515605159393,frozenset({'white wine'})
0.005279689901757669,frozenset({'photo/film'})
0.02359152576355009,frozenset({'dessert'})
0.021853906302212123,frozenset({'hamburger meat'})
0.004477711688832453,frozenset({'liquor (appetizer)'})
0.003341575887188398,frozenset({'liver loaf'})
0.007685624540533315,frozenset({'canned fish'})
0.0010693042839002875,frozenset({'cocoa drinks'})
0.002138608567800575,frozenset({'ketchup'})
0.038895943326872955,frozenset({'newspapers'})
0.010559379803515338,frozenset({'herbs'})
0.03161130789280225,frozenset({'coffee'})
0.021386085678005748,frozenset({'UHT-milk'})
0.014034618726191272,frozenset({'sliced cheese'})
0.002004945532313039,frozenset({'kitchen towels'})
0.013967787208447505,frozenset({'specialty bar'})
0.004410880171088686,frozenset({'candles'})
0.05313105660629553,frozenset({'citrus fruit'})
0.014368776314910112,frozenset({'candy'})
0.0030742498162133263,frozenset({'curd cheese'})
0.01443560783265388,frozenset({'grapes'})
0.03762614448974136,frozenset({'brown bread'})
0.01015839069705273,frozenset({'processed cheese'})
0.02024994987636169,frozenset({'onions'})
0.022121232373187194,frozenset({'napkins'})
0.01470293390362895,frozenset({'hard cheese'})
0.006148499632426653,frozenset({'mustard'})
0.005012363830782597,frozenset({'mayonnaise'})
0.016841542471429525,frozenset({'meat'})
0.005480184454988973,frozenset({'roll products '})
0.0011361358016440553,frozenset({'cookware'})
0.03401724253157789,frozenset({'fruit/vegetable juice'})
0.010024727661565194,frozenset({'soft cheese'})
0.014903428456860256,frozenset({'oil'})
0.005680679008220277,frozenset({'pet care'})
0.016574216400454454,frozenset({'beverages'})
0.021787074784468355,frozenset({'berries'})
0.006148499632426653,frozenset({'cake bar'})
0.017910846755329814,frozenset({'long life bakery product'})
0.0026732607097507185,frozenset({'spices'})
0.0068836463276081,frozenset({'liquor'})
0.008086613646995923,frozenset({'baking powder'})
0.0024727661565194146,frozenset({'male cosmetics'})
0.0019381140145692708,frozenset({'fish'})
0.023658357281293858,frozenset({'cream cheese '})
0.0171088685424046,frozenset({'ham'})
0.005948005079195348,frozenset({'salt'})
0.037091492347791216,frozenset({'pork'})
0.004611374724319989,frozenset({'flower (seeds)'})
0.015170754527835327,frozenset({'ice cream'})
0.007819287576020852,frozenset({'pot plants'})
0.001804450979081735,frozenset({'snack products'})
0.018512330415023724,frozenset({'waffles'})
0.011829178640646929,frozenset({'cat food'})
0.003408407404932166,frozenset({'vinegar'})
0.012029673193878232,frozenset({'chewing gum'})
0.004009891064626078,frozenset({'Instant food products'})
0.008086613646995923,frozenset({'pasta'})
0.0012697988371315912,frozenset({'prosecco'})
0.004009891064626078,frozenset({'chocolate marshmallow'})
0.004544543206576221,frozenset({'sweet spreads'})
0.0065494887388892606,frozenset({'condensed milk'})
0.003007418298469558,frozenset({'house keeping products'})
0.009022254895408675,frozenset({'dishes'})
0.003207912851700862,frozenset({'popcorn'})
0.0026732607097507185,frozenset({'female sanitary products'})
0.004477711688832453,frozenset({'dog food'})
0.0023391031210318785,frozenset({'meat spreads'})
0.006683151774376796,frozenset({'spread cheese'})
0.0029405867807257902,frozenset({'sauces'})
0.002138608567800575,frozenset({'rum'})
0.00427721713560115,frozenset({'finished products'})
0.00394305954688231,frozenset({'instant coffee'})
0.0019381140145692708,frozenset({'artif. sweetener'})
0.0011361358016440553,frozenset({'bathroom cleaner'})
0.0022722716032881106,frozenset({'jam'})
0.0011361358016440553,frozenset({'pudding powder'})
0.0030742498162133263,frozenset({'sparkling wine'})
0.001804450979081735,frozenset({'tea'})
0.0019381140145692708,frozenset({'specialty fat'})
0.0048118692775512934,frozenset({'specialty cheese'})
0.0048118692775512934,frozenset({'frozen potato products'})
0.005346521419501437,frozenset({'turkey'})
0.005480184454988973,frozenset({'canned vegetables'})
0.004009891064626078,frozenset({'zwieback'})
0.0014702933903628951,frozenset({'nut snack'})
0.003207912851700862,frozenset({'soups'})
0.002806923745238254,frozenset({'cereals'})
0.007084140880839404,frozenset({'seasonal products'})
0.0010024727661565194,frozenset({'ready soups'})
0.0025395976742631824,frozenset({'brandy'})
0.0019381140145692708,frozenset({'light bulbs'})
0.0020717770500568067,frozenset({'cleaner'})
0.001403461872619127,frozenset({'syrup'})
0.001403461872619127,frozenset({'canned fruit'})
0.0010024727661565194,frozenset({'cooking chocolate'})
0.0014702933903628951,frozenset({'abrasive cleaner'})
0.006148499632426653,frozenset({'frozen dessert'})
0.0014702933903628951,frozenset({'organic sausage'})
0.0010693042839002875,frozenset({'flower soil/fertilizer'})
0.0014702933903628951,frozenset({'tidbits'})
0.0015371249081066632,frozenset({'potato products'})
0.002205440085544343,frozenset({'nuts/prunes'})
0.0013366303548753592,frozenset({'soap'})
0.006482657221145492,"frozenset({'pastry', 'whole milk'})"
0.0028737552629820224,"frozenset({'pastry', 'root vegetables'})"
0.0036757334759072377,"frozenset({'pastry', 'other vegetables'})"
0.00360890195816347,"frozenset({'pastry', 'yogurt'})"
0.003207912851700862,"frozenset({'pastry', 'sausage'})"
0.002806923745238254,"frozenset({'pastry', 'tropical fruit'})"
0.0040767225823698456,"frozenset({'pastry', 'soda'})"
0.00394305954688231,"frozenset({'pastry', 'rolls/buns'})"
0.0028737552629820224,"frozenset({'bottled water', 'pastry'})"
0.002138608567800575,"frozenset({'pastry', 'citrus fruit'})"
0.0019381140145692708,"frozenset({'salty snack', 'whole milk'})"
0.0019381140145692708,"frozenset({'salty snack', 'rolls/buns'})"
0.0011361358016440553,"frozenset({'salty snack', 'sausage'})"
0.001403461872619127,"frozenset({'salty snack', 'soda'})"
0.002205440085544343,"frozenset({'salty snack', 'other vegetables'})"
0.0010024727661565194,"frozenset({'salty snack', 'tropical fruit'})"
0.0010024727661565194,"frozenset({'salty snack', 'canned beer'})"
0.0010693042839002875,"frozenset({'salty snack', 'root vegetables'})"
0.0015371249081066632,"frozenset({'salty snack', 'yogurt'})"
0.011160863463209249,"frozenset({'whole milk', 'yogurt'})"
0.005814342043707813,"frozenset({'soda', 'yogurt'})"
0.008086613646995923,"frozenset({'other vegetables', 'yogurt'})"
0.007819287576020852,"frozenset({'rolls/buns', 'yogurt'})"
0.0011361358016440553,"frozenset({'other vegetables', 'whole milk', 'yogurt'})"
0.0013366303548753592,"frozenset({'rolls/buns', 'whole milk', 'yogurt'})"
0.008955423377664907,"frozenset({'sausage', 'whole milk'})"
0.005747510525964045,"frozenset({'sausage', 'yogurt'})"
0.005346521419501437,"frozenset({'rolls/buns', 'sausage'})"
0.003141081333957094,"frozenset({'bottled water', 'sausage'})"
0.003341575887188398,"frozenset({'root vegetables', 'sausage'})"
0.0030742498162133263,"frozenset({'tropical fruit', 'sausage'})"
0.005948005079195348,"frozenset({'sausage', 'soda'})"
0.006014836596939116,"frozenset({'other vegetables', 'sausage'})"
0.0014702933903628951,"frozenset({'sausage', 'yogurt', 'whole milk'})"
0.0011361358016440553,"frozenset({'rolls/buns', 'sausage', 'whole milk'})"
0.0010693042839002875,"frozenset({'sausage', 'soda', 'whole milk'})"
0.001670787943594199,"frozenset({'semi-finished bread', 'whole milk'})"
0.0010024727661565194,"frozenset({'other vegetables', 'semi-finished bread'})"
0.011628684087415625,"frozenset({'whole milk', 'soda'})"
0.009690570072846355,"frozenset({'other vegetables', 'soda'})"
0.008086613646995923,"frozenset({'rolls/buns', 'soda'})"
0.0011361358016440553,"frozenset({'other vegetables', 'whole milk', 'soda'})"
0.0010024727661565194,"frozenset({'rolls/buns', 'whole milk', 'soda'})"
0.0011361358016440553,"frozenset({'rolls/buns', 'other vegetables', 'soda'})"
0.0010024727661565194,"frozenset({'whole milk', 'pickled vegetables'})"
0.001871282496825503,"frozenset({'shopping bags', 'canned beer'})"
0.004210385617857381,"frozenset({'rolls/buns', 'canned beer'})"
0.0020717770500568067,"frozenset({'root vegetables', 'canned beer'})"
0.0038762280291385416,"frozenset({'yogurt', 'canned beer'})"
0.003141081333957094,"frozenset({'soda', 'canned beer'})"
0.006014836596939116,"frozenset({'whole milk', 'canned beer'})"
0.0025395976742631824,"frozenset({'tropical fruit', 'canned beer'})"
0.0015371249081066632,"frozenset({'citrus fruit', 'canned beer'})"
0.001871282496825503,"frozenset({'pastry', 'canned beer'})"
0.001603956425850431,"frozenset({'pip fruit', 'canned beer'})"
0.0024727661565194146,"frozenset({'sausage', 'canned beer'})"
0.004009891064626078,"frozenset({'other vegetables', 'canned beer'})"
0.0014702933903628951,"frozenset({'bottled water', 'canned beer'})"
0.0010693042839002875,"frozenset({'misc. beverages', 'sausage'})"
0.0010024727661565194,"frozenset({'misc. beverages', 'root vegetables'})"
0.001403461872619127,"frozenset({'misc. beverages', 'whole milk'})"
0.0012697988371315912,"frozenset({'misc. beverages', 'yogurt'})"
0.0012029673193878234,"frozenset({'misc. beverages', 'other vegetables'})"
0.0013366303548753592,"frozenset({'misc. beverages', 'rolls/buns'})"
0.001403461872619127,"frozenset({'hygiene articles', 'other vegetables'})"
0.0010693042839002875,"frozenset({'hygiene articles', 'soda'})"
0.0013366303548753592,"frozenset({'hygiene articles', 'rolls/buns'})"
0.0010024727661565194,"frozenset({'root vegetables', 'hygiene articles'})"
0.0017376194613379669,"frozenset({'hygiene articles', 'whole milk'})"
0.013967787208447505,"frozenset({'rolls/buns', 'whole milk'})"
0.010559379803515338,"frozenset({'other vegetables', 'rolls/buns'})"
0.0012029673193878234,"frozenset({'other vegetables', 'rolls/buns', 'whole milk'})"
0.003408407404932166,"frozenset({'whipped/sour cream', 'soda'})"
0.004611374724319989,"frozenset({'whipped/sour cream', 'whole milk'})"
0.002138608567800575,"frozenset({'whipped/sour cream', 'sausage'})"
0.0029405867807257902,"frozenset({'whipped/sour cream', 'rolls/buns'})"
0.0024727661565194146,"frozenset({'whipped/sour cream', 'root vegetables'})"
0.0015371249081066632,"frozenset({'whipped/sour cream', 'canned beer'})"
0.001670787943594199,"frozenset({'whipped/sour cream', 'pip fruit'})"
0.0012029673193878234,"frozenset({'whipped/sour cream', 'shopping bags'})"
0.001804450979081735,"frozenset({'whipped/sour cream', 'bottled water'})"
0.004143554100113613,"frozenset({'whipped/sour cream', 'other vegetables'})"
0.0015371249081066632,"frozenset({'whipped/sour cream', 'pastry'})"
0.0029405867807257902,"frozenset({'whipped/sour cream', 'yogurt'})"
0.0020717770500568067,"frozenset({'whipped/sour cream', 'citrus fruit'})"
0.0024727661565194146,"frozenset({'whipped/sour cream', 'tropical fruit'})"
0.0012029673193878234,"frozenset({'whipped/sour cream', 'bottled beer'})"
0.0030742498162133263,"frozenset({'frankfurter', 'soda'})"
0.0014702933903628951,"frozenset({'whipped/sour cream', 'frankfurter'})"
0.005279689901757669,"frozenset({'frankfurter', 'whole milk'})"
0.0036757334759072377,"frozenset({'rolls/buns', 'frankfurter'})"
0.001670787943594199,"frozenset({'bottled beer', 'frankfurter'})"
0.002205440085544343,"frozenset({'bottled water', 'frankfurter'})"
0.005146026866270133,"frozenset({'other vegetables', 'frankfurter'})"
0.0025395976742631824,"frozenset({'frankfurter', 'yogurt'})"
0.001804450979081735,"frozenset({'pip fruit', 'frankfurter'})"
0.0017376194613379669,"frozenset({'pastry', 'frankfurter'})"
0.0013366303548753592,"frozenset({'frankfurter', 'canned beer'})"
0.0017376194613379669,"frozenset({'frankfurter', 'citrus fruit'})"
0.0013366303548753592,"frozenset({'tropical fruit', 'frankfurter'})"
0.0010693042839002875,"frozenset({'newspapers', 'frankfurter'})"
0.0015371249081066632,"frozenset({'frankfurter', 'shopping bags'})"
0.002205440085544343,"frozenset({'root vegetables', 'frankfurter'})"
0.0014702933903628951,"frozenset({'frankfurter', 'sausage'})"
0.002205440085544343,"frozenset({'beef', 'yogurt'})"
0.0012697988371315912,"frozenset({'beef', 'shopping bags'})"
0.002806923745238254,"frozenset({'other vegetables', 'beef'})"
0.001804450979081735,"frozenset({'beef', 'soda'})"
0.0011361358016440553,"frozenset({'beef', 'butter'})"
0.001670787943594199,"frozenset({'newspapers', 'beef'})"
0.0011361358016440553,"frozenset({'domestic eggs', 'beef'})"
0.0010693042839002875,"frozenset({'bottled beer', 'beef'})"
0.004678206242063757,"frozenset({'beef', 'whole milk'})"
0.001804450979081735,"frozenset({'beef', 'citrus fruit'})"
0.0013366303548753592,"frozenset({'bottled water', 'beef'})"
0.001403461872619127,"frozenset({'whipped/sour cream', 'beef'})"
0.0015371249081066632,"frozenset({'beef', 'brown bread'})"
0.0010024727661565194,"frozenset({'beef', 'canned beer'})"
0.001603956425850431,"frozenset({'rolls/buns', 'beef'})"
0.0012029673193878234,"frozenset({'pastry', 'beef'})"
0.0010024727661565194,"frozenset({'frankfurter', 'beef'})"
0.0011361358016440553,"frozenset({'tropical fruit', 'beef'})"
0.001670787943594199,"frozenset({'root vegetables', 'beef'})"
0.0010693042839002875,"frozenset({'beef', 'fruit/vegetable juice'})"
0.0010024727661565194,"frozenset({'domestic eggs', 'white bread'})"
0.0010693042839002875,"frozenset({'white bread', 'yogurt'})"
0.003141081333957094,"frozenset({'white bread', 'whole milk'})"
0.0026064291920069507,"frozenset({'other vegetables', 'white bread'})"
0.0015371249081066632,"frozenset({'white bread', 'soda'})"
0.002138608567800575,"frozenset({'rolls/buns', 'white bread'})"
0.0010024727661565194,"frozenset({'tropical fruit', 'white bread'})"
0.0012697988371315912,"frozenset({'root vegetables', 'white bread'})"
0.0010024727661565194,"frozenset({'brown bread', 'white bread'})"
0.001403461872619127,"frozenset({'white bread', 'sausage'})"
0.0011361358016440553,"frozenset({'white bread', 'citrus fruit'})"
0.0012697988371315912,"frozenset({'bottled water', 'white bread'})"
0.0015371249081066632,"frozenset({'white bread', 'canned beer'})"
0.0010024727661565194,"frozenset({'whipped/sour cream', 'white bread'})"
0.0013366303548753592,"frozenset({'frankfurter', 'curd'})"
0.0022722716032881106,"frozenset({'curd', 'yogurt'})"
0.001871282496825503,"frozenset({'tropical fruit', 'curd'})"
0.0014702933903628951,"frozenset({'root vegetables', 'curd'})"
0.002806923745238254,"frozenset({'curd', 'soda'})"
0.0013366303548753592,"frozenset({'pip fruit', 'curd'})"
0.0027400922274944863,"frozenset({'rolls/buns', 'curd'})"
0.003542070440419702,"frozenset({'other vegetables', 'curd'})"
0.0012697988371315912,"frozenset({'curd', 'beef'})"
0.001670787943594199,"frozenset({'whipped/sour cream', 'curd'})"
0.0012697988371315912,"frozenset({'curd', 'shopping bags'})"
0.004143554100113613,"frozenset({'curd', 'whole milk'})"
0.001403461872619127,"frozenset({'pastry', 'curd'})"
0.0012029673193878234,"frozenset({'curd', 'canned beer'})"
0.0019381140145692708,"frozenset({'bottled water', 'curd'})"
0.0029405867807257902,"frozenset({'curd', 'sausage'})"
0.0011361358016440553,"frozenset({'curd', 'citrus fruit'})"
0.0011361358016440553,"frozenset({'bottled beer', 'curd'})"
0.0012029673193878234,"frozenset({'curd', 'brown bread'})"
0.0011361358016440553,"frozenset({'curd', 'pork'})"
0.014836596939116486,"frozenset({'other vegetables', 'whole milk'})"
0.003141081333957094,"frozenset({'frozen vegetables', 'other vegetables'})"
0.0010693042839002875,"frozenset({'frozen vegetables', 'tropical fruit'})"
0.003809396511394774,"frozenset({'frozen vegetables', 'whole milk'})"
0.0020717770500568067,"frozenset({'frozen vegetables', 'sausage'})"
0.002138608567800575,"frozenset({'frozen vegetables', 'root vegetables'})"
0.002004945532313039,"frozenset({'frozen vegetables', 'soda'})"
0.0010693042839002875,"frozenset({'bottled water', 'frozen vegetables'})"
0.001603956425850431,"frozenset({'frozen vegetables', 'citrus fruit'})"
0.001403461872619127,"frozenset({'bottled beer', 'frozen vegetables'})"
0.0027400922274944863,"frozenset({'frozen vegetables', 'rolls/buns'})"
0.0013366303548753592,"frozenset({'frozen vegetables', 'pip fruit'})"
0.0020717770500568067,"frozenset({'frozen vegetables', 'yogurt'})"
0.0010693042839002875,"frozenset({'frozen vegetables', 'frankfurter'})"
0.0013366303548753592,"frozenset({'frozen vegetables', 'canned beer'})"
0.0012697988371315912,"frozenset({'frozen vegetables', 'beef'})"
0.004678206242063757,"frozenset({'butter', 'whole milk'})"
0.002205440085544343,"frozenset({'butter', 'yogurt'})"
0.001403461872619127,"frozenset({'newspapers', 'butter'})"
0.003141081333957094,"frozenset({'butter', 'soda'})"
0.0028737552629820224,"frozenset({'other vegetables', 'butter'})"
0.0019381140145692708,"frozenset({'butter', 'sausage'})"
0.0011361358016440553,"frozenset({'whipped/sour cream', 'butter'})"
0.002004945532313039,"frozenset({'root vegetables', 'butter'})"
0.0013366303548753592,"frozenset({'butter', 'shopping bags'})"
0.001804450979081735,"frozenset({'bottled water', 'butter'})"
0.001403461872619127,"frozenset({'frankfurter', 'butter'})"
0.0015371249081066632,"frozenset({'pastry', 'butter'})"
0.0028737552629820224,"frozenset({'rolls/buns', 'butter'})"
0.001670787943594199,"frozenset({'bottled beer', 'butter'})"
0.0010024727661565194,"frozenset({'butter', 'brown bread'})"
0.0010024727661565194,"frozenset({'butter', 'canned beer'})"
0.0019381140145692708,"frozenset({'butter', 'citrus fruit'})"
0.0015371249081066632,"frozenset({'tropical fruit', 'butter'})"
0.0011361358016440553,"frozenset({'pip fruit', 'butter'})"
0.008220276682483459,"frozenset({'tropical fruit', 'whole milk'})"
0.005413352937245205,"frozenset({'tropical fruit', 'soda'})"
0.005212858384013901,"frozenset({'tropical fruit', 'yogurt'})"
0.0036757334759072377,"frozenset({'root vegetables', 'tropical fruit'})"
0.006081668114682885,"frozenset({'tropical fruit', 'rolls/buns'})"
0.006282162667914188,"frozenset({'tropical fruit', 'other vegetables'})"
0.0010024727661565194,"frozenset({'tropical fruit', 'sugar'})"
0.0024727661565194146,"frozenset({'whole milk', 'sugar'})"
0.0014702933903628951,"frozenset({'bottled water', 'sugar'})"
0.0012697988371315912,"frozenset({'other vegetables', 'sugar'})"
0.0012029673193878234,"frozenset({'soda', 'sugar'})"
0.0010024727661565194,"frozenset({'root vegetables', 'butter milk'})"
0.0012697988371315912,"frozenset({'yogurt', 'butter milk'})"
0.001403461872619127,"frozenset({'soda', 'butter milk'})"
0.0010024727661565194,"frozenset({'tropical fruit', 'butter milk'})"
0.0012697988371315912,"frozenset({'rolls/buns', 'butter milk'})"
0.0012697988371315912,"frozenset({'other vegetables', 'butter milk'})"
0.001670787943594199,"frozenset({'whole milk', 'butter milk'})"
0.0010024727661565194,"frozenset({'shopping bags', 'butter milk'})"
0.001670787943594199,"frozenset({'other vegetables', 'specialty chocolate'})"
0.001403461872619127,"frozenset({'soda', 'specialty chocolate'})"
0.001403461872619127,"frozenset({'citrus fruit', 'specialty chocolate'})"
0.0013366303548753592,"frozenset({'tropical fruit', 'specialty chocolate'})"
0.0013366303548753592,"frozenset({'whole milk', 'specialty chocolate'})"
0.0012697988371315912,"frozenset({'rolls/buns', 'specialty chocolate'})"
0.0019381140145692708,"frozenset({'whole milk', 'frozen meals'})"
0.0013366303548753592,"frozenset({'yogurt', 'frozen meals'})"
0.0015371249081066632,"frozenset({'soda', 'frozen meals'})"
0.0014702933903628951,"frozenset({'rolls/buns', 'frozen meals'})"
0.0012697988371315912,"frozenset({'sausage', 'frozen meals'})"
0.002138608567800575,"frozenset({'other vegetables', 'frozen meals'})"
0.00755196150504578,"frozenset({'root vegetables', 'whole milk'})"
0.005279689901757669,"frozenset({'root vegetables', 'soda'})"
0.00427721713560115,"frozenset({'root vegetables', 'yogurt'})"
0.005747510525964045,"frozenset({'root vegetables', 'rolls/buns'})"
0.005279689901757669,"frozenset({'root vegetables', 'other vegetables'})"
0.0010693042839002875,"frozenset({'yogurt', 'detergent'})"
0.001403461872619127,"frozenset({'whole milk', 'detergent'})"
0.0010024727661565194,"frozenset({'rolls/buns', 'detergent'})"
0.006616320256633028,"frozenset({'pip fruit', 'whole milk'})"
0.0020717770500568067,"frozenset({'pip fruit', 'tropical fruit'})"
0.004945532313038829,"frozenset({'pip fruit', 'rolls/buns'})"
0.00360890195816347,"frozenset({'pip fruit', 'yogurt'})"
0.00394305954688231,"frozenset({'pip fruit', 'soda'})"
0.004945532313038829,"frozenset({'pip fruit', 'other vegetables'})"
0.002138608567800575,"frozenset({'pip fruit', 'sausage'})"
0.002205440085544343,"frozenset({'pastry', 'pip fruit'})"
0.0026732607097507185,"frozenset({'root vegetables', 'pip fruit'})"
0.0014702933903628951,"frozenset({'pip fruit', 'citrus fruit'})"
0.002004945532313039,"frozenset({'bottled water', 'pip fruit'})"
0.002806923745238254,"frozenset({'rolls/buns', 'chocolate'})"
0.0029405867807257902,"frozenset({'chocolate', 'whole milk'})"
0.0010024727661565194,"frozenset({'bottled beer', 'chocolate'})"
0.001403461872619127,"frozenset({'tropical fruit', 'chocolate'})"
0.001403461872619127,"frozenset({'chocolate', 'sausage'})"
0.0013366303548753592,"frozenset({'pip fruit', 'chocolate'})"
0.001403461872619127,"frozenset({'bottled water', 'chocolate'})"
0.001603956425850431,"frozenset({'chocolate', 'yogurt'})"
0.0010693042839002875,"frozenset({'chocolate', 'canned beer'})"
0.001670787943594199,"frozenset({'chocolate', 'soda'})"
0.0012029673193878234,"frozenset({'root vegetables', 'chocolate'})"
0.001871282496825503,"frozenset({'other vegetables', 'chocolate'})"
0.0010693042839002875,"frozenset({'chocolate', 'citrus fruit'})"
0.0013366303548753592,"frozenset({'red/blush wine', 'rolls/buns'})"
0.0011361358016440553,"frozenset({'red/blush wine', 'other vegetables'})"
0.0010693042839002875,"frozenset({'frozen fish', 'whole milk'})"
0.004945532313038829,"frozenset({'other vegetables', 'shopping bags'})"
0.004745037759807526,"frozenset({'rolls/buns', 'shopping bags'})"
0.003341575887188398,"frozenset({'root vegetables', 'shopping bags'})"
0.0027400922274944863,"frozenset({'tropical fruit', 'shopping bags'})"
0.004410880171088686,"frozenset({'shopping bags', 'soda'})"
0.006348994185657956,"frozenset({'whole milk', 'shopping bags'})"
0.0013366303548753592,"frozenset({'pastry', 'shopping bags'})"
0.001804450979081735,"frozenset({'shopping bags', 'citrus fruit'})"
0.003542070440419702,"frozenset({'shopping bags', 'yogurt'})"
0.0019381140145692708,"frozenset({'sausage', 'shopping bags'})"
0.002004945532313039,"frozenset({'bottled water', 'shopping bags'})"
0.001871282496825503,"frozenset({'pip fruit', 'shopping bags'})"
0.0012029673193878234,"frozenset({'rolls/buns', 'packaged fruit/vegetables'})"
0.0011361358016440553,"frozenset({'whipped/sour cream', 'margarine'})"
0.002138608567800575,"frozenset({'yogurt', 'margarine'})"
0.001603956425850431,"frozenset({'frankfurter', 'margarine'})"
0.0011361358016440553,"frozenset({'citrus fruit', 'margarine'})"
0.0040767225823698456,"frozenset({'whole milk', 'margarine'})"
0.0019381140145692708,"frozenset({'root vegetables', 'margarine'})"
0.0014702933903628951,"frozenset({'tropical fruit', 'margarine'})"
0.003207912851700862,"frozenset({'other vegetables', 'margarine'})"
0.001403461872619127,"frozenset({'beef', 'margarine'})"
0.0012029673193878234,"frozenset({'margarine', 'canned beer'})"
0.0012697988371315912,"frozenset({'pip fruit', 'margarine'})"
0.001403461872619127,"frozenset({'butter', 'margarine'})"
0.0013366303548753592,"frozenset({'pastry', 'margarine'})"
0.0010693042839002875,"frozenset({'curd', 'margarine'})"
0.003007418298469558,"frozenset({'rolls/buns', 'margarine'})"
0.0010024727661565194,"frozenset({'shopping bags', 'margarine'})"
0.0026064291920069507,"frozenset({'soda', 'margarine'})"
0.0013366303548753592,"frozenset({'pork', 'margarine'})"
0.001403461872619127,"frozenset({'bottled water', 'margarine'})"
0.001871282496825503,"frozenset({'sausage', 'margarine'})"
0.0010024727661565194,"frozenset({'fruit/vegetable juice', 'margarine'})"
0.0010693042839002875,"frozenset({'bottled beer', 'margarine'})"
0.004678206242063757,"frozenset({'bottled water', 'rolls/buns'})"
0.0048118692775512934,"frozenset({'bottled water', 'soda'})"
0.003809396511394774,"frozenset({'bottled water', 'yogurt'})"
0.0034752389226759338,"frozenset({'bottled water', 'root vegetables'})"
0.007150972398583172,"frozenset({'bottled water', 'whole milk'})"
0.003542070440419702,"frozenset({'bottled water', 'tropical fruit'})"
0.005480184454988973,"frozenset({'bottled water', 'other vegetables'})"
0.007150972398583172,"frozenset({'bottled beer', 'whole milk'})"
0.004009891064626078,"frozenset({'bottled beer', 'rolls/buns'})"
0.003408407404932166,"frozenset({'bottled beer', 'yogurt'})"
0.003341575887188398,"frozenset({'bottled beer', 'sausage'})"
0.0029405867807257902,"frozenset({'bottled beer', 'soda'})"
0.0024727661565194146,"frozenset({'bottled beer', 'root vegetables'})"
0.0025395976742631824,"frozenset({'bottled beer', 'tropical fruit'})"
0.0025395976742631824,"frozenset({'bottled beer', 'bottled water'})"
0.004678206242063757,"frozenset({'bottled beer', 'other vegetables'})"
0.001871282496825503,"frozenset({'bottled beer', 'canned beer'})"
0.001670787943594199,"frozenset({'bottled beer', 'citrus fruit'})"
0.0014702933903628951,"frozenset({'bottled beer', 'shopping bags'})"
0.0020717770500568067,"frozenset({'bottled beer', 'pastry'})"
0.0015371249081066632,"frozenset({'bottled beer', 'pip fruit'})"
0.003408407404932166,"frozenset({'whole milk', 'chicken'})"
0.0028737552629820224,"frozenset({'rolls/buns', 'chicken'})"
0.0010024727661565194,"frozenset({'bottled beer', 'chicken'})"
0.001403461872619127,"frozenset({'tropical fruit', 'chicken'})"
0.002205440085544343,"frozenset({'other vegetables', 'chicken'})"
0.0013366303548753592,"frozenset({'bottled water', 'chicken'})"
0.002138608567800575,"frozenset({'soda', 'chicken'})"
0.0012697988371315912,"frozenset({'pastry', 'chicken'})"
0.0012697988371315912,"frozenset({'shopping bags', 'chicken'})"
0.0010024727661565194,"frozenset({'domestic eggs', 'chicken'})"
0.001804450979081735,"frozenset({'yogurt', 'chicken'})"
0.0010693042839002875,"frozenset({'pip fruit', 'chicken'})"
0.0010024727661565194,"frozenset({'root vegetables', 'chicken'})"
0.0010024727661565194,"frozenset({'margarine', 'chicken'})"
0.0012029673193878234,"frozenset({'citrus fruit', 'chicken'})"
0.0011361358016440553,"frozenset({'curd', 'chicken'})"
0.0010693042839002875,"frozenset({'sausage', 'chicken'})"
0.0012697988371315912,"frozenset({'whipped/sour cream', 'chicken'})"
0.0011361358016440553,"frozenset({'canned beer', 'chicken'})"
0.0013366303548753592,"frozenset({'flour', 'whole milk'})"
0.0010693042839002875,"frozenset({'flour', 'tropical fruit'})"
0.0025395976742631824,"frozenset({'domestic eggs', 'soda'})"
0.002138608567800575,"frozenset({'tropical fruit', 'domestic eggs'})"
0.0020717770500568067,"frozenset({'domestic eggs', 'yogurt'})"
0.002004945532313039,"frozenset({'root vegetables', 'domestic eggs'})"
0.002138608567800575,"frozenset({'bottled water', 'domestic eggs'})"
0.003542070440419702,"frozenset({'domestic eggs', 'other vegetables'})"
0.003408407404932166,"frozenset({'domestic eggs', 'rolls/buns'})"
0.001804450979081735,"frozenset({'domestic eggs', 'sausage'})"
0.001670787943594199,"frozenset({'bottled beer', 'domestic eggs'})"
0.0012029673193878234,"frozenset({'domestic eggs', 'pork'})"
0.0012697988371315912,"frozenset({'domestic eggs', 'citrus fruit'})"
0.0015371249081066632,"frozenset({'newspapers', 'domestic eggs'})"
0.005279689901757669,"frozenset({'domestic eggs', 'whole milk'})"
0.0014702933903628951,"frozenset({'domestic eggs', 'shopping bags'})"
0.0012029673193878234,"frozenset({'domestic eggs', 'canned beer'})"
0.0013366303548753592,"frozenset({'pastry', 'domestic eggs'})"
0.0012029673193878234,"frozenset({'domestic eggs', 'brown bread'})"
0.001403461872619127,"frozenset({'domestic eggs', 'frankfurter'})"
0.0012697988371315912,"frozenset({'white wine', 'whole milk'})"
0.0014702933903628951,"frozenset({'soda', 'dessert'})"
0.0012029673193878234,"frozenset({'shopping bags', 'dessert'})"
0.002004945532313039,"frozenset({'rolls/buns', 'dessert'})"
0.0014702933903628951,"frozenset({'sausage', 'dessert'})"
0.0010693042839002875,"frozenset({'bottled water', 'dessert'})"
0.0010693042839002875,"frozenset({'root vegetables', 'dessert'})"
0.0020717770500568067,"frozenset({'other vegetables', 'dessert'})"
0.0010693042839002875,"frozenset({'tropical fruit', 'dessert'})"
0.0024059346387756467,"frozenset({'whole milk', 'dessert'})"
0.0012029673193878234,"frozenset({'yogurt', 'dessert'})"
0.0010024727661565194,"frozenset({'curd', 'dessert'})"
0.001670787943594199,"frozenset({'hamburger meat', 'yogurt'})"
0.0010693042839002875,"frozenset({'bottled beer', 'hamburger meat'})"
0.002205440085544343,"frozenset({'other vegetables', 'hamburger meat'})"
0.0013366303548753592,"frozenset({'tropical fruit', 'hamburger meat'})"
0.001670787943594199,"frozenset({'hamburger meat', 'soda'})"
0.0010024727661565194,"frozenset({'pastry', 'hamburger meat'})"
0.0030742498162133263,"frozenset({'whole milk', 'hamburger meat'})"
0.0019381140145692708,"frozenset({'rolls/buns', 'hamburger meat'})"
0.0012697988371315912,"frozenset({'root vegetables', 'hamburger meat'})"
0.0028737552629820224,"frozenset({'newspapers', 'yogurt'})"
0.0015371249081066632,"frozenset({'whipped/sour cream', 'newspapers'})"
0.001871282496825503,"frozenset({'newspapers', 'tropical fruit'})"
0.005613847490476508,"frozenset({'newspapers', 'whole milk'})"
0.0023391031210318785,"frozenset({'newspapers', 'soda'})"
0.001804450979081735,"frozenset({'bottled water', 'newspapers'})"
0.0036757334759072377,"frozenset({'newspapers', 'other vegetables'})"
0.002004945532313039,"frozenset({'pastry', 'newspapers'})"
0.0025395976742631824,"frozenset({'root vegetables', 'newspapers'})"
0.003007418298469558,"frozenset({'newspapers', 'rolls/buns'})"
0.0017376194613379669,"frozenset({'bottled beer', 'newspapers'})"
0.0012029673193878234,"frozenset({'newspapers', 'citrus fruit'})"
0.0012697988371315912,"frozenset({'pip fruit', 'newspapers'})"
0.001871282496825503,"frozenset({'newspapers', 'canned beer'})"
0.001804450979081735,"frozenset({'newspapers', 'sausage'})"
0.001804450979081735,"frozenset({'newspapers', 'shopping bags'})"
0.0011361358016440553,"frozenset({'herbs', 'yogurt'})"
0.0011361358016440553,"frozenset({'herbs', 'whole milk'})"
0.0010693042839002875,"frozenset({'coffee', 'pip fruit'})"
0.001403461872619127,"frozenset({'coffee', 'shopping bags'})"
0.0024059346387756467,"frozenset({'coffee', 'rolls/buns'})"
0.0015371249081066632,"frozenset({'coffee', 'tropical fruit'})"
0.003809396511394774,"frozenset({'coffee', 'whole milk'})"
0.0014702933903628951,"frozenset({'coffee', 'frankfurter'})"
0.002004945532313039,"frozenset({'coffee', 'root vegetables'})"
0.001403461872619127,"frozenset({'coffee', 'domestic eggs'})"
0.0024727661565194146,"frozenset({'coffee', 'soda'})"
0.001403461872619127,"frozenset({'pastry', 'coffee'})"
0.0010024727661565194,"frozenset({'coffee', 'canned beer'})"
0.0020717770500568067,"frozenset({'coffee', 'yogurt'})"
0.0013366303548753592,"frozenset({'coffee', 'citrus fruit'})"
0.0013366303548753592,"frozenset({'coffee', 'sausage'})"
0.0026064291920069507,"frozenset({'coffee', 'other vegetables'})"
0.0015371249081066632,"frozenset({'bottled water', 'coffee'})"
0.002138608567800575,"frozenset({'other vegetables', 'UHT-milk'})"
0.0015371249081066632,"frozenset({'tropical fruit', 'UHT-milk'})"
0.0025395976742631824,"frozenset({'UHT-milk', 'whole milk'})"
0.0012697988371315912,"frozenset({'UHT-milk', 'soda'})"
0.001804450979081735,"frozenset({'rolls/buns', 'UHT-milk'})"
0.0010693042839002875,"frozenset({'bottled water', 'UHT-milk'})"
0.0010024727661565194,"frozenset({'root vegetables', 'UHT-milk'})"
0.0011361358016440553,"frozenset({'UHT-milk', 'sausage'})"
0.0011361358016440553,"frozenset({'UHT-milk', 'yogurt'})"
0.0011361358016440553,"frozenset({'sliced cheese', 'soda'})"
0.001403461872619127,"frozenset({'sliced cheese', 'other vegetables'})"
0.0014702933903628951,"frozenset({'sliced cheese', 'whole milk'})"
0.0011361358016440553,"frozenset({'sliced cheese', 'sausage'})"
0.0012029673193878234,"frozenset({'root vegetables', 'sliced cheese'})"
0.0012029673193878234,"frozenset({'specialty bar', 'yogurt'})"
0.001670787943594199,"frozenset({'specialty bar', 'other vegetables'})"
0.0012697988371315912,"frozenset({'specialty bar', 'soda'})"
0.001670787943594199,"frozenset({'specialty bar', 'whole milk'})"
0.0012029673193878234,"frozenset({'specialty bar', 'rolls/buns'})"
0.004678206242063757,"frozenset({'rolls/buns', 'citrus fruit'})"
0.0026064291920069507,"frozenset({'bottled water', 'citrus fruit'})"
0.007150972398583172,"frozenset({'whole milk', 'citrus fruit'})"
0.004611374724319989,"frozenset({'citrus fruit', 'yogurt'})"
0.002205440085544343,"frozenset({'root vegetables', 'citrus fruit'})"
0.0028737552629820224,"frozenset({'tropical fruit', 'citrus fruit'})"
0.003742564993651006,"frozenset({'citrus fruit', 'soda'})"
0.0012029673193878234,"frozenset({'sausage', 'citrus fruit'})"
0.0048118692775512934,"frozenset({'other vegetables', 'citrus fruit'})"
0.0014702933903628951,"frozenset({'rolls/buns', 'candy'})"
0.0010024727661565194,"frozenset({'citrus fruit', 'candy'})"
0.002138608567800575,"frozenset({'whole milk', 'candy'})"
0.0011361358016440553,"frozenset({'other vegetables', 'candy'})"
0.0012697988371315912,"frozenset({'soda', 'candy'})"
0.0012029673193878234,"frozenset({'yogurt', 'candy'})"
0.0019381140145692708,"frozenset({'grapes', 'whole milk'})"
0.001603956425850431,"frozenset({'other vegetables', 'grapes'})"
0.0010693042839002875,"frozenset({'root vegetables', 'grapes'})"
0.0012029673193878234,"frozenset({'rolls/buns', 'grapes'})"
0.0010693042839002875,"frozenset({'grapes', 'sausage'})"
0.001403461872619127,"frozenset({'grapes', 'soda'})"
0.004477711688832453,"frozenset({'brown bread', 'whole milk'})"
0.0014702933903628951,"frozenset({'tropical fruit', 'brown bread'})"
0.001804450979081735,"frozenset({'brown bread', 'sausage'})"
0.001670787943594199,"frozenset({'pip fruit', 'brown bread'})"
0.0023391031210318785,"frozenset({'brown bread', 'yogurt'})"
0.0012697988371315912,"frozenset({'brown bread', 'shopping bags'})"
0.0028737552629820224,"frozenset({'brown bread', 'soda'})"
0.0017376194613379669,"frozenset({'brown bread', 'citrus fruit'})"
0.002004945532313039,"frozenset({'pastry', 'brown bread'})"
0.003341575887188398,"frozenset({'rolls/buns', 'brown bread'})"
0.0024059346387756467,"frozenset({'brown bread', 'canned beer'})"
0.0030742498162133263,"frozenset({'other vegetables', 'brown bread'})"
0.0013366303548753592,"frozenset({'root vegetables', 'brown bread'})"
0.0015371249081066632,"frozenset({'bottled beer', 'brown bread'})"
0.0010693042839002875,"frozenset({'whipped/sour cream', 'brown bread'})"
0.0015371249081066632,"frozenset({'bottled water', 'brown bread'})"
0.0015371249081066632,"frozenset({'frankfurter', 'brown bread'})"
0.0014702933903628951,"frozenset({'processed cheese', 'whole milk'})"
0.0014702933903628951,"frozenset({'processed cheese', 'rolls/buns'})"
0.0010693042839002875,"frozenset({'root vegetables', 'processed cheese'})"
0.0017376194613379669,"frozenset({'onions', 'rolls/buns'})"
0.0013366303548753592,"frozenset({'root vegetables', 'onions'})"
0.0012029673193878234,"frozenset({'tropical fruit', 'onions'})"
0.0010024727661565194,"frozenset({'bottled water', 'onions'})"
0.0015371249081066632,"frozenset({'other vegetables', 'onions'})"
0.0029405867807257902,"frozenset({'onions', 'whole milk'})"
0.0014702933903628951,"frozenset({'onions', 'soda'})"
0.0010693042839002875,"frozenset({'whipped/sour cream', 'onions'})"
0.0012697988371315912,"frozenset({'onions', 'yogurt'})"
0.0024059346387756467,"frozenset({'napkins', 'whole milk'})"
0.0017376194613379669,"frozenset({'napkins', 'rolls/buns'})"
0.0017376194613379669,"frozenset({'pastry', 'napkins'})"
0.0017376194613379669,"frozenset({'napkins', 'yogurt'})"
0.002138608567800575,"frozenset({'napkins', 'other vegetables'})"
0.0010693042839002875,"frozenset({'root vegetables', 'napkins'})"
0.001403461872619127,"frozenset({'napkins', 'citrus fruit'})"
0.0012697988371315912,"frozenset({'napkins', 'tropical fruit'})"
0.0015371249081066632,"frozenset({'napkins', 'soda'})"
0.001871282496825503,"frozenset({'hard cheese', 'whole milk'})"
0.0012697988371315912,"frozenset({'hard cheese', 'yogurt'})"
0.001670787943594199,"frozenset({'hard cheese', 'other vegetables'})"
0.0010024727661565194,"frozenset({'root vegetables', 'hard cheese'})"
0.001670787943594199,"frozenset({'hard cheese', 'rolls/buns'})"
0.0010693042839002875,"frozenset({'pip fruit', 'hard cheese'})"
0.002205440085544343,"frozenset({'meat', 'whole milk'})"
0.002138608567800575,"frozenset({'meat', 'other vegetables'})"
0.0010024727661565194,"frozenset({'meat', 'soda'})"
0.0013366303548753592,"frozenset({'root vegetables', 'meat'})"
0.0013366303548753592,"frozenset({'meat', 'rolls/buns'})"
0.003742564993651006,"frozenset({'rolls/buns', 'fruit/vegetable juice'})"
0.001804450979081735,"frozenset({'sausage', 'fruit/vegetable juice'})"
0.001403461872619127,"frozenset({'butter', 'fruit/vegetable juice'})"
0.004410880171088686,"frozenset({'whole milk', 'fruit/vegetable juice'})"
0.002138608567800575,"frozenset({'soda', 'fruit/vegetable juice'})"
0.001670787943594199,"frozenset({'bottled beer', 'fruit/vegetable juice'})"
0.002205440085544343,"frozenset({'fruit/vegetable juice', 'yogurt'})"
0.0013366303548753592,"frozenset({'citrus fruit', 'fruit/vegetable juice'})"
0.0012029673193878234,"frozenset({'bottled water', 'fruit/vegetable juice'})"
0.0011361358016440553,"frozenset({'frankfurter', 'fruit/vegetable juice'})"
0.001403461872619127,"frozenset({'pip fruit', 'fruit/vegetable juice'})"
0.0029405867807257902,"frozenset({'other vegetables', 'fruit/vegetable juice'})"
0.0015371249081066632,"frozenset({'fruit/vegetable juice', 'canned beer'})"
0.0010693042839002875,"frozenset({'domestic eggs', 'fruit/vegetable juice'})"
0.001804450979081735,"frozenset({'root vegetables', 'fruit/vegetable juice'})"
0.002138608567800575,"frozenset({'tropical fruit', 'fruit/vegetable juice'})"
0.0014702933903628951,"frozenset({'pastry', 'fruit/vegetable juice'})"
0.0012697988371315912,"frozenset({'yogurt', 'soft cheese'})"
0.0012029673193878234,"frozenset({'other vegetables', 'soft cheese'})"
0.0010024727661565194,"frozenset({'rolls/buns', 'soft cheese'})"
0.0012029673193878234,"frozenset({'whole milk', 'soft cheese'})"
0.0013366303548753592,"frozenset({'rolls/buns', 'oil'})"
0.0010693042839002875,"frozenset({'oil', 'yogurt'})"
0.001804450979081735,"frozenset({'other vegetables', 'oil'})"
0.0019381140145692708,"frozenset({'oil', 'whole milk'})"
0.001804450979081735,"frozenset({'oil', 'soda'})"
0.0015371249081066632,"frozenset({'sausage', 'beverages'})"
0.0012029673193878234,"frozenset({'rolls/buns', 'beverages'})"
0.001871282496825503,"frozenset({'soda', 'beverages'})"
0.0019381140145692708,"frozenset({'whole milk', 'beverages'})"
0.0010693042839002875,"frozenset({'bottled water', 'beverages'})"
0.0017376194613379669,"frozenset({'other vegetables', 'beverages'})"
0.001403461872619127,"frozenset({'yogurt', 'berries'})"
0.0026732607097507185,"frozenset({'other vegetables', 'berries'})"
0.0014702933903628951,"frozenset({'soda', 'berries'})"
0.0011361358016440553,"frozenset({'pip fruit', 'berries'})"
0.0010693042839002875,"frozenset({'pastry', 'berries'})"
0.0010693042839002875,"frozenset({'bottled water', 'berries'})"
0.0012697988371315912,"frozenset({'tropical fruit', 'berries'})"
0.001670787943594199,"frozenset({'rolls/buns', 'berries'})"
0.0022722716032881106,"frozenset({'whole milk', 'berries'})"
0.0010693042839002875,"frozenset({'root vegetables', 'berries'})"
0.0024059346387756467,"frozenset({'whole milk', 'long life bakery product'})"
0.0011361358016440553,"frozenset({'other vegetables', 'long life bakery product'})"
0.0010693042839002875,"frozenset({'tropical fruit', 'long life bakery product'})"
0.0013366303548753592,"frozenset({'soda', 'long life bakery product'})"
0.001670787943594199,"frozenset({'rolls/buns', 'long life bakery product'})"
0.0012029673193878234,"frozenset({'yogurt', 'long life bakery product'})"
0.0010693042839002875,"frozenset({'sausage', 'long life bakery product'})"
0.002138608567800575,"frozenset({'other vegetables', 'cream cheese '})"
0.0014702933903628951,"frozenset({'cream cheese ', 'soda'})"
0.001403461872619127,"frozenset({'tropical fruit', 'cream cheese '})"
0.001871282496825503,"frozenset({'rolls/buns', 'cream cheese '})"
0.001603956425850431,"frozenset({'root vegetables', 'cream cheese '})"
0.0028737552629820224,"frozenset({'cream cheese ', 'whole milk'})"
0.0012029673193878234,"frozenset({'cream cheese ', 'sausage'})"
0.0010024727661565194,"frozenset({'cream cheese ', 'citrus fruit'})"
0.0012029673193878234,"frozenset({'cream cheese ', 'shopping bags'})"
0.0010024727661565194,"frozenset({'frankfurter', 'cream cheese '})"
0.001603956425850431,"frozenset({'cream cheese ', 'yogurt'})"
0.0027400922274944863,"frozenset({'ham', 'whole milk'})"
0.001603956425850431,"frozenset({'other vegetables', 'ham'})"
0.0012697988371315912,"frozenset({'ham', 'yogurt'})"
0.0012029673193878234,"frozenset({'ham', 'soda'})"
0.0011361358016440553,"frozenset({'tropical fruit', 'ham'})"
0.0012697988371315912,"frozenset({'rolls/buns', 'ham'})"
0.005012363830782597,"frozenset({'whole milk', 'pork'})"
0.0015371249081066632,"frozenset({'sausage', 'pork'})"
0.001403461872619127,"frozenset({'bottled water', 'pork'})"
0.00394305954688231,"frozenset({'other vegetables', 'pork'})"
0.0030742498162133263,"frozenset({'pork', 'yogurt'})"
0.0015371249081066632,"frozenset({'shopping bags', 'pork'})"
0.003408407404932166,"frozenset({'rolls/buns', 'pork'})"
0.003007418298469558,"frozenset({'soda', 'pork'})"
0.0017376194613379669,"frozenset({'root vegetables', 'pork'})"
0.0015371249081066632,"frozenset({'tropical fruit', 'pork'})"
0.001670787943594199,"frozenset({'brown bread', 'pork'})"
0.0015371249081066632,"frozenset({'pastry', 'pork'})"
0.0013366303548753592,"frozenset({'citrus fruit', 'pork'})"
0.001670787943594199,"frozenset({'pork', 'canned beer'})"
0.001603956425850431,"frozenset({'pip fruit', 'pork'})"
0.0010693042839002875,"frozenset({'bottled beer', 'pork'})"
0.0019381140145692708,"frozenset({'ice cream', 'whole milk'})"
0.0012697988371315912,"frozenset({'ice cream', 'other vegetables'})"
0.0012029673193878234,"frozenset({'ice cream', 'soda'})"
0.0017376194613379669,"frozenset({'ice cream', 'rolls/buns'})"
0.0010024727661565194,"frozenset({'pot plants', 'whole milk'})"
0.0010024727661565194,"frozenset({'other vegetables', 'pot plants'})"
0.001603956425850431,"frozenset({'waffles', 'rolls/buns'})"
0.0026064291920069507,"frozenset({'waffles', 'whole milk'})"
0.0017376194613379669,"frozenset({'waffles', 'other vegetables'})"
0.0013366303548753592,"frozenset({'root vegetables', 'waffles'})"
0.0011361358016440553,"frozenset({'tropical fruit', 'waffles'})"
0.0011361358016440553,"frozenset({'waffles', 'yogurt'})"
0.0010693042839002875,"frozenset({'cat food', 'rolls/buns'})"
0.0010024727661565194,"frozenset({'cat food', 'tropical fruit'})"
0.001670787943594199,"frozenset({'cat food', 'whole milk'})"
0.001670787943594199,"frozenset({'chewing gum', 'whole milk'})"
0.001403461872619127,"frozenset({'chewing gum', 'yogurt'})"
0.0010693042839002875,"frozenset({'chewing gum', 'other vegetables'})"
0.0010024727661565194,"frozenset({'chewing gum', 'soda'})"
0.0010693042839002875,"frozenset({'pasta', 'whole milk'})"
0.0010024727661565194,"frozenset({'rolls/buns', 'seasonal products'})"
